	prompt	prediction	gold_gold_elin	gold_gold_lena	gold_gold_oscar	gold_gold_agg
0		NA	PASSIVE	PASSIVE	PASSIVE	PASSIVE
1		NA	PASSIVE			
2		PASSIVE	ACTIVE_POS_OTHER	ACTIVE_POS_OTHER	PASSIVE	ACTIVE_POS_OTHER
3		ACTIVE_POS_OTHER	ACTIVE_POS_OTHER	ACTIVE_POS_OTHER	ACTIVE_POS_OTHER	ACTIVE_POS_OTHER
4		PASSIVE	PASSIVE	PASSIVE	PASSIVE	PASSIVE
5		PASSIVE			ACTIVE_NEG	
6		NA		ACTIVE_POS_OTHER	PASSIVE	ACTIVE_POS_OTHER
7		ACTIVE_POS_CHALLENGING	ACTIVE_POS_CHALLENGING	ACTIVE_POS_CHALLENGING	ACTIVE_POS_CHALLENGING	ACTIVE_POS_CHALLENGING
8		PASSIVE		PASSIVE	PASSIVE	PASSIVE
9		ACTIVE_POS_OTHER		ACTIVE_POS_OTHER	PASSIVE	ACTIVE_POS_OTHER
10		ACTIVE_NEG	ACTIVE_NEG		ACTIVE_NEG	ACTIVE_NEG
11		PASSIVE		PASSIVE		
12		NA	ACTIVE_NEG	ACTIVE_NEG	ACTIVE_NEG	ACTIVE_NEG
13		PASSIVE	PASSIVE	PASSIVE	PASSIVE	PASSIVE
14		PASSIVE	PASSIVE	PASSIVE	PASSIVE	PASSIVE
15		ACTIVE_POS_OTHER		PASSIVE		
16		NA				
17		ACTIVE_NEG	ACTIVE_POS_OTHER	ACTIVE_NEG	ACTIVE_NEG	ACTIVE_NEG
18		PASSIVE		ACTIVE_NEG	PASSIVE	ACTIVE_NEG
19		PASSIVE				
20		PASSIVE		PASSIVE		
21		NA	ACTIVE_NEG	PASSIVE	PASSIVE	PASSIVE
22		ACTIVE_POS_CARING	ACTIVE_POS_CARING	ACTIVE_POS_CARING	ACTIVE_POS_CARING	ACTIVE_POS_CARING
23		NA		ACTIVE_POS_CARING	ACTIVE_POS_OTHER	ACTIVE_POS_CARING
24		ACTIVE_NEG	ACTIVE_NEG	ACTIVE_NEG	ACTIVE_NEG	ACTIVE_NEG
25		ACTIVE_POS_CHALLENGING			ACTIVE_NEG	
26		PASSIVE	PASSIVE	PASSIVE	PASSIVE	PASSIVE
27		NA				
28		PASSIVE	ACTIVE_NEG	ACTIVE_POS_OTHER	PASSIVE	ACTIVE_NEG
29		PASSIVE			PASSIVE	
30		NA	ACTIVE_POS_CARING			
31		ACTIVE_POS_OTHER		PASSIVE	ACTIVE_POS_CHALLENGING	ACTIVE_POS_CHALLENGING
32		ACTIVE_POS_CARING	ACTIVE_NEG	ACTIVE_POS_OTHER	ACTIVE_NEG	ACTIVE_NEG
33		ACTIVE_POS_OTHER	ACTIVE_POS_OTHER	ACTIVE_POS_OTHER		ACTIVE_POS_OTHER
34		ACTIVE_POS_OTHER	ACTIVE_POS_CHALLENGING	ACTIVE_POS_CHALLENGING	PASSIVE	ACTIVE_POS_CHALLENGING
35		NA	ACTIVE_POS_OTHER			
36		ACTIVE_POS_OTHER	ACTIVE_POS_OTHER	ACTIVE_POS_OTHER	ACTIVE_POS_OTHER	ACTIVE_POS_OTHER
37		PASSIVE				
38		PASSIVE				
39		NA	ACTIVE_POS_OTHER	ACTIVE_POS_OTHER	ACTIVE_POS_CARING	ACTIVE_POS_OTHER
40		PASSIVE	ACTIVE_POS_OTHER	PASSIVE	PASSIVE	PASSIVE
41		PASSIVE		PASSIVE		
42		ACTIVE_POS_OTHER	ACTIVE_POS_OTHER	ACTIVE_POS_OTHER	ACTIVE_POS_OTHER	ACTIVE_POS_OTHER
43		ACTIVE_NEG	PASSIVE	PASSIVE	PASSIVE	PASSIVE
44		NA			PASSIVE	
45		PASSIVE	PASSIVE		PASSIVE	PASSIVE
46		ACTIVE_POS_OTHER	ACTIVE_POS_OTHER	PASSIVE		
47		NA		PASSIVE	PASSIVE	PASSIVE
48		NA		PASSIVE		
49		ACTIVE_POS_OTHER	ACTIVE_POS_OTHER	ACTIVE_POS_OTHER	ACTIVE_POS_CARING	ACTIVE_POS_OTHER
50		PASSIVE	PASSIVE	PASSIVE	PASSIVE	PASSIVE
51		ACTIVE_POS_OTHER	ACTIVE_POS_OTHER	PASSIVE	PASSIVE	PASSIVE
52		ACTIVE_NEG	ACTIVE_NEG	ACTIVE_NEG	ACTIVE_NEG	ACTIVE_NEG
53		ACTIVE_POS_OTHER	ACTIVE_POS_OTHER	ACTIVE_POS_OTHER	ACTIVE_POS_OTHER	ACTIVE_POS_OTHER
54		ACTIVE_NEG	ACTIVE_POS_OTHER	ACTIVE_POS_OTHER	ACTIVE_POS_OTHER	ACTIVE_POS_OTHER
55		ACTIVE_POS_CARING	ACTIVE_POS_CARING	ACTIVE_POS_CARING	ACTIVE_POS_CARING	ACTIVE_POS_CARING
56		PASSIVE			PASSIVE	
57		PASSIVE	PASSIVE	PASSIVE	PASSIVE	PASSIVE
58		NA				
59		PASSIVE	ACTIVE_NEG	ACTIVE_NEG	ACTIVE_NEG	ACTIVE_NEG
60		PASSIVE		ACTIVE_NEG	PASSIVE	ACTIVE_NEG
61		ACTIVE_POS_OTHER	ACTIVE_NEG	ACTIVE_POS_CARING	ACTIVE_POS_CHALLENGING	ACTIVE_POS_CHALLENGING
62		PASSIVE	PASSIVE	ACTIVE_POS_CHALLENGING	ACTIVE_POS_OTHER	ACTIVE_POS_CHALLENGING
63		ACTIVE_POS_CARING	ACTIVE_POS_CARING	ACTIVE_POS_CARING	ACTIVE_POS_CARING	ACTIVE_POS_CARING
64		NA			PASSIVE	
65		ACTIVE_POS_OTHER	ACTIVE_POS_OTHER	ACTIVE_POS_OTHER	ACTIVE_POS_OTHER	ACTIVE_POS_OTHER
66		PASSIVE	PASSIVE	PASSIVE	PASSIVE	PASSIVE
67		NA	ACTIVE_POS_OTHER	ACTIVE_POS_OTHER		ACTIVE_POS_OTHER
68		ACTIVE_NEG	ACTIVE_NEG	ACTIVE_NEG	ACTIVE_NEG	ACTIVE_NEG
69		ACTIVE_NEG	PASSIVE	ACTIVE_POS_CHALLENGING	PASSIVE	PASSIVE
70		ACTIVE_NEG	ACTIVE_NEG	ACTIVE_NEG	ACTIVE_NEG	ACTIVE_NEG
71		PASSIVE	PASSIVE	PASSIVE	PASSIVE	PASSIVE
72		ACTIVE_NEG		ACTIVE_NEG		
73		ACTIVE_POS_OTHER	ACTIVE_POS_OTHER	PASSIVE	ACTIVE_POS_OTHER	ACTIVE_POS_OTHER
74		ACTIVE_POS_OTHER	ACTIVE_POS_OTHER	ACTIVE_POS_OTHER	PASSIVE	ACTIVE_POS_OTHER
75		ACTIVE_POS_CARING	ACTIVE_POS_CARING	ACTIVE_POS_OTHER	ACTIVE_POS_OTHER	ACTIVE_POS_OTHER
76		ACTIVE_NEG	ACTIVE_NEG	ACTIVE_NEG	ACTIVE_NEG	ACTIVE_NEG
77		ACTIVE_POS_CHALLENGING	ACTIVE_POS_CHALLENGING	ACTIVE_POS_CHALLENGING	ACTIVE_POS_CHALLENGING	ACTIVE_POS_CHALLENGING
78		NA				
79		ACTIVE_NEG	ACTIVE_NEG	ACTIVE_NEG	ACTIVE_NEG	ACTIVE_NEG
80		ACTIVE_POS_OTHER	ACTIVE_POS_OTHER	PASSIVE	PASSIVE	PASSIVE
81		NA	PASSIVE		PASSIVE	PASSIVE
82		PASSIVE	PASSIVE	PASSIVE	PASSIVE	PASSIVE
83		NA				
84		PASSIVE	PASSIVE	PASSIVE	PASSIVE	PASSIVE
85		ACTIVE_POS_OTHER	ACTIVE_POS_OTHER	ACTIVE_POS_OTHER		ACTIVE_POS_OTHER
86		ACTIVE_POS_CARING	ACTIVE_POS_CARING	ACTIVE_POS_CARING	ACTIVE_POS_OTHER	ACTIVE_POS_CARING
87		ACTIVE_POS_OTHER	ACTIVE_POS_CARING	ACTIVE_POS_OTHER	ACTIVE_POS_OTHER	ACTIVE_POS_OTHER
88		PASSIVE	PASSIVE	PASSIVE	PASSIVE	PASSIVE
89		NA		PASSIVE	PASSIVE	PASSIVE
90		PASSIVE	PASSIVE	PASSIVE	PASSIVE	PASSIVE
91		ACTIVE_POS_CARING	ACTIVE_POS_OTHER	ACTIVE_POS_OTHER	PASSIVE	ACTIVE_POS_OTHER
92		ACTIVE_POS_CARING	ACTIVE_POS_OTHER	ACTIVE_POS_OTHER	ACTIVE_POS_OTHER	ACTIVE_POS_OTHER
93		ACTIVE_POS_OTHER	ACTIVE_POS_OTHER	ACTIVE_POS_OTHER	ACTIVE_POS_OTHER	ACTIVE_POS_OTHER
94		ACTIVE_POS_OTHER	ACTIVE_POS_OTHER	ACTIVE_POS_OTHER	ACTIVE_POS_OTHER	ACTIVE_POS_OTHER
95		ACTIVE_POS_OTHER	ACTIVE_POS_CHALLENGING	ACTIVE_POS_OTHER	ACTIVE_POS_OTHER	ACTIVE_POS_OTHER
96		PASSIVE	PASSIVE	PASSIVE	PASSIVE	PASSIVE
97		ACTIVE_POS_OTHER	ACTIVE_POS_OTHER	ACTIVE_POS_OTHER	ACTIVE_POS_OTHER	ACTIVE_POS_OTHER
98		ACTIVE_NEG	ACTIVE_POS_OTHER	ACTIVE_NEG		ACTIVE_NEG
99		PASSIVE	PASSIVE	PASSIVE	PASSIVE	PASSIVE
100		ACTIVE_NEG	PASSIVE	ACTIVE_POS_OTHER	PASSIVE	PASSIVE
101		PASSIVE	PASSIVE	PASSIVE	PASSIVE	PASSIVE
102		PASSIVE	ACTIVE_POS_OTHER	PASSIVE	PASSIVE	PASSIVE
103		ACTIVE_NEG		ACTIVE_NEG	ACTIVE_NEG	ACTIVE_NEG
104		PASSIVE	PASSIVE	PASSIVE	PASSIVE	PASSIVE
105		ACTIVE_POS_CARING	ACTIVE_POS_OTHER	ACTIVE_POS_OTHER		ACTIVE_POS_OTHER
106		PASSIVE	PASSIVE	PASSIVE	PASSIVE	PASSIVE
107		PASSIVE	ACTIVE_POS_OTHER	PASSIVE	PASSIVE	PASSIVE
108		ACTIVE_POS_CARING	ACTIVE_POS_CHALLENGING	ACTIVE_POS_OTHER	ACTIVE_POS_OTHER	ACTIVE_POS_OTHER
109		PASSIVE	PASSIVE	PASSIVE	PASSIVE	PASSIVE
110		ACTIVE_POS_OTHER	ACTIVE_POS_CHALLENGING	ACTIVE_POS_OTHER	ACTIVE_POS_OTHER	ACTIVE_POS_OTHER
111		ACTIVE_POS_OTHER	ACTIVE_POS_OTHER	PASSIVE	ACTIVE_POS_OTHER	ACTIVE_POS_OTHER
112		PASSIVE	ACTIVE_POS_OTHER	PASSIVE	PASSIVE	PASSIVE
113		PASSIVE	PASSIVE	PASSIVE	PASSIVE	PASSIVE
114		ACTIVE_POS_OTHER				
115		ACTIVE_POS_CARING	ACTIVE_NEG	ACTIVE_NEG		ACTIVE_NEG
116		ACTIVE_POS_OTHER	ACTIVE_POS_OTHER	PASSIVE	ACTIVE_POS_OTHER	ACTIVE_POS_OTHER
117		PASSIVE	ACTIVE_POS_OTHER	ACTIVE_POS_OTHER	ACTIVE_POS_OTHER	ACTIVE_POS_OTHER
118		PASSIVE	PASSIVE		PASSIVE	PASSIVE
119		PASSIVE	PASSIVE	PASSIVE	ACTIVE_POS_OTHER	PASSIVE
120		ACTIVE_POS_OTHER	ACTIVE_POS_OTHER	ACTIVE_POS_OTHER	ACTIVE_POS_OTHER	ACTIVE_POS_OTHER
121		NA				
122		ACTIVE_POS_OTHER	ACTIVE_POS_OTHER	ACTIVE_POS_OTHER	ACTIVE_POS_OTHER	ACTIVE_POS_OTHER
123		NA				
124		ACTIVE_POS_OTHER	ACTIVE_POS_OTHER	PASSIVE	ACTIVE_POS_OTHER	ACTIVE_POS_OTHER
125		PASSIVE	PASSIVE	PASSIVE	PASSIVE	PASSIVE
126		PASSIVE	PASSIVE	PASSIVE	PASSIVE	PASSIVE
127		PASSIVE	PASSIVE	PASSIVE	PASSIVE	PASSIVE
128		ACTIVE_POS_CARING	PASSIVE	PASSIVE	PASSIVE	PASSIVE
129		PASSIVE	PASSIVE	PASSIVE	PASSIVE	PASSIVE
130		ACTIVE_POS_OTHER	ACTIVE_POS_OTHER	ACTIVE_POS_OTHER	ACTIVE_POS_OTHER	ACTIVE_POS_OTHER
131		PASSIVE	ACTIVE_NEG	PASSIVE	PASSIVE	PASSIVE
132		ACTIVE_POS_CARING	ACTIVE_NEG	ACTIVE_NEG	PASSIVE	ACTIVE_NEG
133		ACTIVE_NEG	ACTIVE_NEG	ACTIVE_NEG	ACTIVE_NEG	ACTIVE_NEG
134		PASSIVE	ACTIVE_NEG	PASSIVE	PASSIVE	PASSIVE
135		ACTIVE_POS_OTHER	ACTIVE_POS_OTHER	ACTIVE_POS_OTHER	ACTIVE_POS_OTHER	ACTIVE_POS_OTHER
136		ACTIVE_POS_OTHER		PASSIVE	PASSIVE	PASSIVE
137		PASSIVE	ACTIVE_POS_OTHER	ACTIVE_POS_CARING	ACTIVE_POS_OTHER	ACTIVE_POS_OTHER
138		PASSIVE				
139		PASSIVE	PASSIVE	PASSIVE	PASSIVE	PASSIVE
140		ACTIVE_POS_OTHER	ACTIVE_POS_OTHER	ACTIVE_POS_OTHER	PASSIVE	ACTIVE_POS_OTHER
141		PASSIVE	PASSIVE	PASSIVE	PASSIVE	PASSIVE
142		ACTIVE_POS_CARING	ACTIVE_NEG	ACTIVE_POS_OTHER	ACTIVE_NEG	ACTIVE_NEG
143		ACTIVE_POS_OTHER	PASSIVE	PASSIVE	PASSIVE	PASSIVE
144		NA	PASSIVE	PASSIVE	PASSIVE	PASSIVE
145		ACTIVE_NEG				
146		NA	ACTIVE_POS_OTHER	PASSIVE		
147		PASSIVE	PASSIVE	PASSIVE	PASSIVE	PASSIVE
148		PASSIVE		PASSIVE	PASSIVE	PASSIVE
149		PASSIVE	ACTIVE_POS_OTHER	PASSIVE	PASSIVE	PASSIVE
150		PASSIVE		PASSIVE	PASSIVE	PASSIVE
151		ACTIVE_POS_OTHER	ACTIVE_POS_OTHER	ACTIVE_POS_OTHER	ACTIVE_POS_OTHER	ACTIVE_POS_OTHER
152		ACTIVE_POS_OTHER	ACTIVE_POS_OTHER	ACTIVE_POS_OTHER	ACTIVE_POS_OTHER	ACTIVE_POS_OTHER
153		NA				
154		ACTIVE_POS_CARING	ACTIVE_POS_OTHER	ACTIVE_POS_OTHER	PASSIVE	ACTIVE_POS_OTHER
155		ACTIVE_POS_OTHER	ACTIVE_POS_OTHER	ACTIVE_POS_OTHER	ACTIVE_POS_OTHER	ACTIVE_POS_OTHER
156		PASSIVE	PASSIVE	PASSIVE	PASSIVE	PASSIVE
157		ACTIVE_POS_CARING	ACTIVE_POS_CARING	ACTIVE_POS_CARING	ACTIVE_POS_CARING	ACTIVE_POS_CARING
158		ACTIVE_POS_OTHER	ACTIVE_POS_OTHER	ACTIVE_POS_OTHER	ACTIVE_POS_OTHER	ACTIVE_POS_OTHER
159		ACTIVE_POS_OTHER	ACTIVE_POS_OTHER	PASSIVE	ACTIVE_POS_CARING	ACTIVE_POS_CARING
160		NA		PASSIVE	PASSIVE	PASSIVE
161		ACTIVE_POS_OTHER	ACTIVE_NEG	ACTIVE_POS_OTHER	PASSIVE	ACTIVE_NEG
162		PASSIVE	ACTIVE_POS_OTHER		ACTIVE_POS_OTHER	ACTIVE_POS_OTHER
163		ACTIVE_POS_OTHER	ACTIVE_POS_OTHER	ACTIVE_POS_OTHER	PASSIVE	ACTIVE_POS_OTHER
164		PASSIVE		PASSIVE	ACTIVE_POS_OTHER	ACTIVE_POS_OTHER
165		NA				
166		PASSIVE	PASSIVE			
167		PASSIVE		PASSIVE	PASSIVE	PASSIVE
168		ACTIVE_POS_OTHER		PASSIVE	PASSIVE	PASSIVE
169		ACTIVE_POS_OTHER	ACTIVE_POS_OTHER	ACTIVE_POS_CHALLENGING	ACTIVE_POS_OTHER	ACTIVE_POS_OTHER
170		PASSIVE		PASSIVE	PASSIVE	PASSIVE
171		ACTIVE_POS_OTHER	PASSIVE	PASSIVE	PASSIVE	PASSIVE
172		PASSIVE	PASSIVE	PASSIVE	PASSIVE	PASSIVE
173		PASSIVE	ACTIVE_NEG	ACTIVE_POS_OTHER	ACTIVE_POS_OTHER	ACTIVE_POS_OTHER
174		PASSIVE	ACTIVE_POS_OTHER	PASSIVE	PASSIVE	PASSIVE
175		PASSIVE	PASSIVE	PASSIVE	PASSIVE	PASSIVE
176		ACTIVE_POS_OTHER	ACTIVE_POS_OTHER	ACTIVE_POS_OTHER	ACTIVE_POS_OTHER	ACTIVE_POS_OTHER
177		ACTIVE_POS_CARING				
178		ACTIVE_POS_CARING	ACTIVE_POS_OTHER	ACTIVE_POS_OTHER	ACTIVE_POS_OTHER	ACTIVE_POS_OTHER
179		PASSIVE	PASSIVE	PASSIVE	PASSIVE	PASSIVE
180		ACTIVE_NEG	ACTIVE_NEG	ACTIVE_NEG	ACTIVE_NEG	ACTIVE_NEG
181		PASSIVE	PASSIVE	PASSIVE	PASSIVE	PASSIVE
182		ACTIVE_POS_OTHER	ACTIVE_POS_OTHER	ACTIVE_POS_OTHER	ACTIVE_POS_OTHER	ACTIVE_POS_OTHER
183		NA				
184		PASSIVE	ACTIVE_POS_OTHER		ACTIVE_POS_CARING	ACTIVE_POS_CARING
185		NA		ACTIVE_NEG		
186		ACTIVE_NEG	ACTIVE_POS_OTHER	ACTIVE_POS_OTHER	ACTIVE_POS_OTHER	ACTIVE_POS_OTHER
187		PASSIVE	ACTIVE_POS_CHALLENGING		ACTIVE_POS_CHALLENGING	ACTIVE_POS_CHALLENGING
188		ACTIVE_POS_OTHER	ACTIVE_POS_OTHER	PASSIVE	ACTIVE_POS_OTHER	ACTIVE_POS_OTHER
189		PASSIVE	ACTIVE_NEG	ACTIVE_NEG	PASSIVE	ACTIVE_NEG
190		PASSIVE		PASSIVE		
191		PASSIVE	PASSIVE	PASSIVE	PASSIVE	PASSIVE
192		NA			ACTIVE_POS_OTHER	
193		ACTIVE_POS_OTHER	ACTIVE_POS_OTHER	ACTIVE_POS_OTHER	PASSIVE	ACTIVE_POS_OTHER
194		ACTIVE_POS_OTHER	PASSIVE		PASSIVE	PASSIVE
195		ACTIVE_POS_OTHER	ACTIVE_POS_OTHER	ACTIVE_POS_OTHER	ACTIVE_POS_OTHER	ACTIVE_POS_OTHER
196		NA				
197		ACTIVE_POS_OTHER	ACTIVE_POS_OTHER	ACTIVE_POS_OTHER	PASSIVE	ACTIVE_POS_OTHER
198		ACTIVE_POS_OTHER	ACTIVE_POS_OTHER	ACTIVE_POS_OTHER	ACTIVE_POS_OTHER	ACTIVE_POS_OTHER
199		ACTIVE_POS_CARING	ACTIVE_POS_OTHER	PASSIVE	ACTIVE_POS_CARING	ACTIVE_POS_CARING
200		ACTIVE_POS_CARING	ACTIVE_POS_CARING	ACTIVE_POS_CARING	ACTIVE_POS_CARING	ACTIVE_POS_CARING
201		ACTIVE_POS_OTHER	ACTIVE_POS_CARING	ACTIVE_POS_OTHER	ACTIVE_POS_CARING	ACTIVE_POS_CARING
202		ACTIVE_POS_CARING	ACTIVE_POS_OTHER	ACTIVE_POS_CHALLENGING	ACTIVE_POS_CARING	ACTIVE_POS_CHALLENGING
203		PASSIVE	PASSIVE	PASSIVE	PASSIVE	PASSIVE
204		PASSIVE	ACTIVE_NEG	PASSIVE	PASSIVE	PASSIVE
205		NA	ACTIVE_NEG	ACTIVE_NEG	ACTIVE_NEG	ACTIVE_NEG
206		ACTIVE_POS_CARING	ACTIVE_POS_OTHER	ACTIVE_POS_CHALLENGING	ACTIVE_POS_CARING	ACTIVE_POS_CHALLENGING
207		PASSIVE		PASSIVE	PASSIVE	PASSIVE
208		PASSIVE	PASSIVE	PASSIVE	PASSIVE	PASSIVE
209		ACTIVE_POS_OTHER	ACTIVE_POS_OTHER	ACTIVE_POS_OTHER	ACTIVE_POS_OTHER	ACTIVE_POS_OTHER
210		ACTIVE_POS_OTHER		PASSIVE	ACTIVE_POS_OTHER	ACTIVE_POS_OTHER
211		ACTIVE_NEG	PASSIVE	PASSIVE	ACTIVE_POS_OTHER	PASSIVE
212		PASSIVE	PASSIVE	PASSIVE	PASSIVE	PASSIVE
213		ACTIVE_POS_OTHER	ACTIVE_POS_CARING	ACTIVE_POS_CARING	ACTIVE_POS_CARING	ACTIVE_POS_CARING
214		NA	PASSIVE	PASSIVE	PASSIVE	PASSIVE
215		PASSIVE	PASSIVE	PASSIVE	PASSIVE	PASSIVE
216		ACTIVE_POS_CARING		ACTIVE_POS_OTHER		
217		PASSIVE		PASSIVE	PASSIVE	PASSIVE
218		NA				
219		PASSIVE	PASSIVE	PASSIVE	PASSIVE	PASSIVE
220		ACTIVE_POS_OTHER	ACTIVE_POS_OTHER		ACTIVE_POS_OTHER	ACTIVE_POS_OTHER
221		ACTIVE_POS_CARING	ACTIVE_POS_CARING	ACTIVE_POS_OTHER	ACTIVE_POS_CARING	ACTIVE_POS_CARING
222		PASSIVE	ACTIVE_POS_OTHER	PASSIVE	PASSIVE	PASSIVE
223		ACTIVE_POS_OTHER	ACTIVE_POS_OTHER	PASSIVE	ACTIVE_POS_CARING	ACTIVE_POS_CARING
224		PASSIVE	ACTIVE_NEG	PASSIVE	PASSIVE	PASSIVE
225		NA		PASSIVE	PASSIVE	PASSIVE
226		PASSIVE	PASSIVE	PASSIVE	PASSIVE	PASSIVE
227		PASSIVE	PASSIVE	PASSIVE	PASSIVE	PASSIVE
228		PASSIVE	PASSIVE	PASSIVE	PASSIVE	PASSIVE
229		PASSIVE	PASSIVE	PASSIVE	PASSIVE	PASSIVE
230		PASSIVE		PASSIVE	PASSIVE	PASSIVE
231		PASSIVE	ACTIVE_NEG	ACTIVE_NEG	PASSIVE	ACTIVE_NEG
232		PASSIVE	PASSIVE	PASSIVE	PASSIVE	PASSIVE
233		NA				
234		ACTIVE_POS_OTHER	ACTIVE_POS_OTHER	ACTIVE_POS_OTHER	ACTIVE_POS_CARING	ACTIVE_POS_OTHER
235		PASSIVE	ACTIVE_POS_OTHER	PASSIVE	PASSIVE	PASSIVE
236		PASSIVE	ACTIVE_NEG	PASSIVE	ACTIVE_POS_OTHER	ACTIVE_POS_OTHER
237		NA	PASSIVE	PASSIVE	PASSIVE	PASSIVE
238		PASSIVE	PASSIVE	PASSIVE	PASSIVE	PASSIVE
239		NA	ACTIVE_POS_OTHER	ACTIVE_POS_OTHER		ACTIVE_POS_OTHER
240		PASSIVE	PASSIVE	PASSIVE	PASSIVE	PASSIVE
241		PASSIVE		PASSIVE		
242		ACTIVE_POS_OTHER	ACTIVE_POS_OTHER	ACTIVE_POS_OTHER	ACTIVE_POS_CARING	ACTIVE_POS_OTHER
243		PASSIVE	PASSIVE	PASSIVE	PASSIVE	PASSIVE
244		ACTIVE_NEG	ACTIVE_NEG	ACTIVE_POS_OTHER	PASSIVE	ACTIVE_NEG
245		NA		PASSIVE		
246		NA	ACTIVE_POS_OTHER	PASSIVE	ACTIVE_POS_CARING	ACTIVE_POS_CARING
247		ACTIVE_POS_OTHER	ACTIVE_POS_OTHER	ACTIVE_POS_OTHER	ACTIVE_POS_OTHER	ACTIVE_POS_OTHER
248		ACTIVE_POS_OTHER	ACTIVE_POS_OTHER	ACTIVE_POS_OTHER	ACTIVE_POS_OTHER	ACTIVE_POS_OTHER
249		NA				
250		ACTIVE_NEG	ACTIVE_NEG	ACTIVE_NEG	ACTIVE_NEG	ACTIVE_NEG
251		NA	ACTIVE_POS_OTHER	ACTIVE_POS_OTHER		ACTIVE_POS_OTHER
252		PASSIVE	PASSIVE	PASSIVE	PASSIVE	PASSIVE
253		ACTIVE_POS_OTHER		ACTIVE_POS_OTHER	ACTIVE_POS_OTHER	ACTIVE_POS_OTHER
254		ACTIVE_NEG	ACTIVE_NEG	ACTIVE_NEG	ACTIVE_NEG	ACTIVE_NEG
255		PASSIVE		PASSIVE	PASSIVE	PASSIVE
256		PASSIVE	PASSIVE	PASSIVE	PASSIVE	PASSIVE
257		PASSIVE	PASSIVE	PASSIVE	PASSIVE	PASSIVE
258		NA	ACTIVE_POS_OTHER	PASSIVE	ACTIVE_POS_OTHER	ACTIVE_POS_OTHER
259		ACTIVE_POS_OTHER	ACTIVE_POS_OTHER	PASSIVE	ACTIVE_POS_OTHER	ACTIVE_POS_OTHER
260		ACTIVE_POS_CHALLENGING	ACTIVE_POS_OTHER	ACTIVE_POS_CHALLENGING	ACTIVE_POS_OTHER	ACTIVE_POS_OTHER
261		PASSIVE		PASSIVE	PASSIVE	PASSIVE
262		ACTIVE_POS_OTHER	ACTIVE_POS_OTHER	ACTIVE_POS_OTHER	ACTIVE_POS_OTHER	ACTIVE_POS_OTHER
263		PASSIVE	PASSIVE	PASSIVE	PASSIVE	PASSIVE
264		PASSIVE	ACTIVE_POS_OTHER	PASSIVE	PASSIVE	PASSIVE
265		PASSIVE	ACTIVE_POS_OTHER	PASSIVE	PASSIVE	PASSIVE
266		PASSIVE		PASSIVE	PASSIVE	PASSIVE
267		PASSIVE		PASSIVE	PASSIVE	PASSIVE
268		ACTIVE_NEG	ACTIVE_NEG	ACTIVE_NEG	PASSIVE	ACTIVE_NEG
269		NA				
270		PASSIVE	PASSIVE	PASSIVE	PASSIVE	PASSIVE
271		NA				
272		PASSIVE		PASSIVE	PASSIVE	PASSIVE
273		PASSIVE	PASSIVE	PASSIVE	PASSIVE	PASSIVE
274		PASSIVE			PASSIVE	
275		NA			PASSIVE	
276		PASSIVE	PASSIVE	PASSIVE	PASSIVE	PASSIVE
277		PASSIVE	ACTIVE_NEG	PASSIVE	PASSIVE	PASSIVE
278		ACTIVE_POS_CARING	ACTIVE_POS_CARING	ACTIVE_POS_CHALLENGING	ACTIVE_POS_CHALLENGING	ACTIVE_POS_CHALLENGING
279		ACTIVE_POS_OTHER	ACTIVE_NEG	ACTIVE_NEG	ACTIVE_NEG	ACTIVE_NEG
280		ACTIVE_NEG	ACTIVE_NEG	ACTIVE_NEG	ACTIVE_NEG	ACTIVE_NEG
281		PASSIVE		PASSIVE		
282		ACTIVE_POS_OTHER		PASSIVE		
283		PASSIVE	PASSIVE	PASSIVE	PASSIVE	PASSIVE
284		NA				
285		PASSIVE			PASSIVE	
286		NA			ACTIVE_NEG	
287		PASSIVE	PASSIVE	PASSIVE	PASSIVE	PASSIVE
288		ACTIVE_NEG	ACTIVE_NEG	ACTIVE_POS_OTHER	PASSIVE	ACTIVE_NEG
289		PASSIVE	PASSIVE	PASSIVE	PASSIVE	PASSIVE
290		PASSIVE		PASSIVE	PASSIVE	PASSIVE
291		PASSIVE		PASSIVE	PASSIVE	PASSIVE
292		NA		PASSIVE		
293		PASSIVE	PASSIVE	PASSIVE		PASSIVE
294		ACTIVE_POS_CARING	ACTIVE_POS_OTHER			
295		ACTIVE_NEG	ACTIVE_NEG	ACTIVE_NEG	ACTIVE_NEG	ACTIVE_NEG
296		PASSIVE	PASSIVE	PASSIVE	PASSIVE	PASSIVE
297		ACTIVE_POS_OTHER	ACTIVE_POS_OTHER	ACTIVE_POS_OTHER	ACTIVE_POS_OTHER	ACTIVE_POS_OTHER
298		ACTIVE_POS_CHALLENGING	ACTIVE_POS_OTHER		ACTIVE_POS_CHALLENGING	ACTIVE_POS_CHALLENGING
299		ACTIVE_POS_OTHER	ACTIVE_POS_OTHER	PASSIVE	ACTIVE_POS_OTHER	ACTIVE_POS_OTHER
300		PASSIVE	ACTIVE_POS_OTHER	PASSIVE	PASSIVE	PASSIVE
301		ACTIVE_POS_OTHER	ACTIVE_POS_OTHER	ACTIVE_POS_OTHER	ACTIVE_POS_OTHER	ACTIVE_POS_OTHER
302		NA	ACTIVE_NEG	ACTIVE_NEG	ACTIVE_NEG	ACTIVE_NEG
303		ACTIVE_NEG	ACTIVE_NEG	ACTIVE_NEG	ACTIVE_NEG	ACTIVE_NEG
304		PASSIVE	PASSIVE	PASSIVE	PASSIVE	PASSIVE
305		PASSIVE	PASSIVE	PASSIVE	PASSIVE	PASSIVE
306		NA		ACTIVE_POS_OTHER		
307		PASSIVE				
308		ACTIVE_POS_OTHER	ACTIVE_POS_OTHER	PASSIVE		
309		PASSIVE	PASSIVE	PASSIVE	PASSIVE	PASSIVE
310		ACTIVE_POS_CARING	ACTIVE_POS_CARING	ACTIVE_POS_CARING	ACTIVE_POS_CARING	ACTIVE_POS_CARING
311		PASSIVE	PASSIVE	PASSIVE	PASSIVE	PASSIVE
312		NA	PASSIVE	PASSIVE	PASSIVE	PASSIVE
313		PASSIVE	ACTIVE_POS_OTHER	PASSIVE	PASSIVE	PASSIVE
314		PASSIVE		PASSIVE	PASSIVE	PASSIVE
315		NA		PASSIVE		
316		NA			PASSIVE	
317		ACTIVE_POS_OTHER	ACTIVE_POS_OTHER	ACTIVE_POS_OTHER	ACTIVE_POS_OTHER	ACTIVE_POS_OTHER
318		ACTIVE_POS_OTHER	ACTIVE_NEG	ACTIVE_NEG	ACTIVE_NEG	ACTIVE_NEG
319		PASSIVE			PASSIVE	
320		PASSIVE	PASSIVE	PASSIVE	PASSIVE	PASSIVE
321		ACTIVE_NEG	ACTIVE_POS_OTHER	ACTIVE_POS_OTHER	ACTIVE_POS_OTHER	ACTIVE_POS_OTHER
322		NA				
323		PASSIVE	ACTIVE_NEG	ACTIVE_NEG	PASSIVE	ACTIVE_NEG
324		ACTIVE_POS_OTHER	ACTIVE_POS_OTHER	PASSIVE	ACTIVE_POS_OTHER	ACTIVE_POS_OTHER
325		ACTIVE_NEG	ACTIVE_NEG	ACTIVE_NEG	ACTIVE_NEG	ACTIVE_NEG
326		NA				
327		ACTIVE_POS_CARING	PASSIVE	ACTIVE_POS_OTHER	ACTIVE_POS_OTHER	ACTIVE_POS_OTHER
328		ACTIVE_NEG	ACTIVE_NEG	ACTIVE_NEG	ACTIVE_NEG	ACTIVE_NEG
329		PASSIVE	PASSIVE	PASSIVE	PASSIVE	PASSIVE
330		ACTIVE_NEG	ACTIVE_NEG	ACTIVE_NEG	ACTIVE_NEG	ACTIVE_NEG
331		ACTIVE_POS_OTHER	PASSIVE	ACTIVE_POS_OTHER	PASSIVE	PASSIVE
332		ACTIVE_POS_OTHER	ACTIVE_POS_OTHER	ACTIVE_POS_OTHER	ACTIVE_POS_OTHER	ACTIVE_POS_OTHER
333		NA	PASSIVE	PASSIVE	PASSIVE	PASSIVE
334		PASSIVE	ACTIVE_NEG	PASSIVE	PASSIVE	PASSIVE
335		PASSIVE	PASSIVE	PASSIVE	PASSIVE	PASSIVE
336		PASSIVE		ACTIVE_NEG	PASSIVE	ACTIVE_NEG
337		ACTIVE_NEG		ACTIVE_NEG	ACTIVE_NEG	ACTIVE_NEG
338		ACTIVE_POS_CARING	ACTIVE_NEG	ACTIVE_POS_OTHER	ACTIVE_POS_CARING	ACTIVE_POS_CARING
339		PASSIVE	PASSIVE	PASSIVE	PASSIVE	PASSIVE
340		PASSIVE	PASSIVE	PASSIVE	PASSIVE	PASSIVE
341		PASSIVE	PASSIVE	ACTIVE_NEG	PASSIVE	PASSIVE
342		PASSIVE	PASSIVE	PASSIVE	PASSIVE	PASSIVE
343		PASSIVE		PASSIVE	PASSIVE	PASSIVE
344		PASSIVE	PASSIVE	PASSIVE	PASSIVE	PASSIVE
345		ACTIVE_NEG	ACTIVE_NEG	ACTIVE_NEG	ACTIVE_NEG	ACTIVE_NEG
346		NA				
347		PASSIVE		PASSIVE	PASSIVE	PASSIVE
348		ACTIVE_POS_OTHER	ACTIVE_POS_OTHER	ACTIVE_POS_CARING	ACTIVE_POS_CARING	ACTIVE_POS_CARING
349		ACTIVE_POS_OTHER		ACTIVE_POS_OTHER		
